API;API-Input;search-Category;Search-Request;Filter-Request;Page;Best
IP;8.8.8.8;;;;;
Geoloc;7.7.7.7;;;;;True
Whois;9.9.9.9;;;;;True
DataScan;IIS;;;;;
ResolverForward;5.5.5.5;;;;;
SynScan;4.4.4.4;;;;;
Inetnum;3.3.3.3;;;;;
Pastries;2.2.2.2;;;;;
ResolverReverse;1.1.1.1;;;;;
Resolver;9.9.9.9;;;;;
Threatlist;9.9.9.9;;;;;
IP;194.168.59.178;;;;;
IP;136.234.80.79;;;;;
IP;136.243.169.129;;;;;
Hostname;www.perdu.com;;;;;
Domain;perdu.com;;;;;
Threatlist;101.200.81.187;;;;;
datascandatamd5;7a1f20cae067b75a52bc024b83ee4667;;;;;
onionscan;mh7mkfvezts5j6yu.onion;;;;;
sniffer;217.138.28.194;;;;;
ctl;fnac.com;;;;;
topsite;2.2.2.2;;;;;
vulnscan;46.182.211.76;;;;;
Search;;datascan;product:Apache+port:443+os:Windows;;;
Search;;synscan;port:23+country:FR+os:Linux;;;
Search;;inetnum;organization:OVH SAS;;;
Search;;threatlist;country:RU;;;
Search;;pastries;ip:195.29.70.0/24;;;
Search;;resolver;ip:124.108.0.0/16;;;
Search;;sniffer;ip:14.164.0.0/14;;;
Search;;onionscan;data:market;;;
Search;;threatlist;tag:mirai;;;
search;;datashot;protocol:rdp;;;
search;;ctl;host:vpn;;;
Search;;datascan;organization:OVH SAS+protocol:rdp;monthago:1;1;
